{
  "id": "JapaneseCourseBeginer",
  "title": "Japanese Course For Beginer",
  "description": "",
  "logo": "logo.png",
  "difficulty": 1,
  "language": "ja-JP",
  "category": "Example",
  "authors": [
    "Pham Ba Nam"
  ],
  "releaseDate": "12.12.2022",
  "lessons":[
  {
    "id": "1",
    "title": "6 tones in Vietnamese",
    "description": "Learn about the six tones through examples",
    "logo": "lesson1/logo.png",
    "duration": 15,
    "tasks": [
    {
      "id": 1,
      "text": "おはようございます。",
      "ipa": "oha - joːgo - dzai - masɯ̥-●-●",
      "kana": "おはようございます。",
      "rhythm": "te-ta-te-te-te-ta?",
      "phonology_classification": "拍",
      "instructions": "Good morning!",
      "phonology_classification_EN": "mora",
      "sound": "lesson1/1.mp3",
      "pitch": "lesson1/1.pitch",
      "textMarkup": "lesson1/1.text",
      "video": "lesson1/1.mp4",
      "image": null
    },
    {
      "id": 2,
      "text": "こんにちは。",
      "ipa": "kon - ɲitɕi - wa-●",
      "kana": "こんにちは。",
      "rhythm": "te-te-te-ta?",
      "phonology_classification": "拍",
      "instructions": "Good afternoon!",
      "phonology_classification_EN": "mora",
      "sound": "lesson1/2.mp3",
      "pitch": "lesson1/2.pitch",
      "textMarkup": "lesson1/2.text",
      "video": "lesson1/2.mp4",
      "image": null
    },
    {
      "id": 3,
      "text": "お疲れ様です。",
      "ipa": "otsɯ̥ - kaɾe - sama - desɯ̥-●-●",
      "kana": "おつかれさまです。",
      "rhythm": "te-te-te-ta-te-te?",
      "phonology_classification": "母音の無声化",
      "instructions": "Well done! (approximation)",
      "phonology_classification_EN": "vowel silence",
      "sound": "lesson1/3.mp3",
      "pitch": "lesson1/3.pitch",
      "textMarkup": "lesson1/3.text",
      "video": "lesson1/3.mp4",
      "image": null
    },
    {
      "id": 4,
      "text": "よろしくお願いします。",
      "ipa": "joɾo - ɕi̥kɯ - one - ŋaiɕi  -masɯ̥-●-●-●",
      "kana": "よろしくおねがいします。",
      "rhythm": "null",
      "phonology_classification": "母音の無声化",
      "instructions": "Thank you for your help in advance! (approximation)",
      "phonology_classification_EN": "vowel silence",
      "sound": "lesson1/4.mp3",
      "pitch": "lesson1/4.pitch",
      "textMarkup": "lesson1/4.text",
      "video": "lesson1/4.mp4",
      "image": null
    },
    {
      "id": 5,
      "text": "遅れてすみません.",
      "ipa": "oku - ɾete - sɯmji - mase - N-●-●-●    ",
      "kana": "おくれてすみません。",
      "rhythm": "null",
      "phonology_classification": "撥音",
      "instructions": "May I come in? (approximation)",
      "phonology_classification_EN": "N sound",
      "sound": "lesson1/5.mp3",
      "pitch": "lesson1/5.pitch",
      "textMarkup": "lesson1/5.text",
      "video": "lesson1/5.mp4",
      "image": null
    },
    {
      "id": 6,
      "text": "会えてうれしいです。",
      "ipa": "ae - te〇 - uɾe -ɕiː - desɯ̥-●-●-●  ",
      "kana": "あえてうれしいです。",
      "rhythm": "null",
      "phonology_classification": "拍",
      "instructions": "I'm happy to know you.(casual)",
      "phonology_classification_EN": "mora",
      "sound": "lesson1/6.mp3",
      "pitch": "lesson1/6.pitch",
      "textMarkup": "lesson1/6.text",
      "video": "lesson1/6.mp4",
      "image": null
    },
    {
      "id": 7,
      "text": "お会いできて光栄です。",
      "ipa": "oa - i〇 - deki̥ - te〇 - koː - eː -desɯ̥-●",
      "kana": "おあいできてこうえいです。",
      "rhythm": "null",
      "phonology_classification": "母音の無声化",
      "instructions": "I'm happy to know you. (polite)",
      "phonology_classification_EN": "vowel silence",
      "sound": "lesson1/7.mp3",
      "pitch": "lesson1/7.pitch",
      "textMarkup": "lesson1/7.text",
      "video": "lesson1/7.mp4",
      "image": null
    },
    {
      "id": 8,
      "text": "このバスは、東京へ行きますか。",
      "ipa": "kono - basɯ - wa〇 - toː - kjoː - e〇 - ikji - masɯ̥ - ka",
      "kana": "このばすはとうきょうへいきますか。",
      "rhythm": "null",
      "phonology_classification": "拍",
      "instructions": "Does this bus go to Tokyo?",
      "phonology_classification_EN": "mora",
      "sound": "lesson1/8.mp3",
      "pitch": "lesson1/8.pitch",
      "textMarkup": "lesson1/8.text",
      "video": "lesson1/8.mp4",
      "image": null
    },
    {
      "id": 9,
      "text": "郡山行きの電車は、何番線ですか。",
      "ipa": "koː - ɾija - mai - kjino - den - ɕawa-●-● nam - bam - sen - desɯ̥ - ka-●-●-●",
      "kana": "こおりやまゆきのでんしゃは、なんばんせんですか。",
      "rhythm": "null",
      "phonology_classification": "撥音",
      "instructions": "The train to Koriyama is departing from which track? ",
      "phonology_classification_EN": "N sound",
      "sound": "lesson1/9.mp3",
      "pitch": "lesson1/9.pitch",
      "textMarkup": "lesson1/9.text",
      "video": "lesson1/9.mp4",
      "image": null
    },
    {
      "id": 10,
      "text": "仙台行きの指定席のチケットを買いたいんですが…。",
      "ipa": "sendai - ikjinoɕi̥ - teːsekjino〇 - tɕikettoː - kaitai - Nːdesɯ̥ - ŋa-●-●-●",
      "kana": "せんだいいきのしていせきのちけっとをかいたいんですが…。",
      "rhythm": "null",
      "phonology_classification": "促音",
      "instructions": "I need a reserved seat ticket to Sendai.",
      "phonology_classification_EN": "staccato (assimilated sound)",
      "sound": "lesson1/10.mp3",
      "pitch": "lesson1/10.pitch",
      "textMarkup": "lesson1/10.text",
      "video": "lesson1/10.mp4",
      "image": null
    },
    {
      "id": 11,
      "text": "仙台行きの自由席のチケットを買いたいんですが…。",
      "ipa": "sendai - ikjinodʑi- juːsekjino〇- tɕikettoː - kaitai- Nːdesɯ̥  - ŋa-●-●-●",
      "kana": "せんだいいきのじゆうせきのちけっとをかいたいんですが…。",
      "rhythm": "null",
      "phonology_classification": "促音",
      "instructions": "I need a non-reserved seat ticket to Sendai.",
      "phonology_classification_EN": "staccato (assimilated sound)",
      "sound": "lesson1/11.mp3",
      "pitch": "lesson1/11.pitch",
      "textMarkup": "lesson1/11.text",
      "video": "lesson1/11.mp4",
      "image": null
    },
    {
      "id": 12,
      "text": "この路線で成田空港まで行けますか。",
      "ipa": "kono - ɾose - nde - 〇 - naɾji ta - kuː- koː - made - ike - masɯ̥ - ka",
      "kana": "このろせんでなりたくうこうまでいけますか。",
      "rhythm": "null",
      "phonology_classification": "拍",
      "instructions": "Is this line for Narita airport?",
      "phonology_classification_EN": "mora",
      "sound": "lesson1/12.mp3",
      "pitch": "lesson1/12.pitch",
      "textMarkup": "lesson1/12.text",
      "video": "lesson1/12.mp4",
      "image": null
    },
    {
      "id": 13,
      "text": "大宮の次は、上野に停まります。",
      "ipa": "oːmijanotsɯ̥ŋiwauenonitomaɾimasɯ̥",
      "kana": "おおみやのつぎは、うえのにとまります。",
      "rhythm": "null",
      "phonology_classification": "拍",
      "instructions": "After departing from Omiya, the next stop is Ueno.",
      "phonology_classification_EN": "mora",
      "sound": "lesson1/13.mp3",
      "pitch": "lesson1/13.pitch",
      "textMarkup": "lesson1/13.text",
      "video": "lesson1/13.mp4",
      "image": null
    },
    {
      "id": 14,
      "text": "四国は、香川と徳島しか行ったことがありません。",
      "ipa": "ɕi̥kokɯ̥wakaŋawatotokɯ̥ɕi̥maɕi̥kaittako̥toŋaaɾimaseN",
      "kana": "しこくは、かがわととくしましかいったことがありません。",
      "rhythm": "null",
      "phonology_classification": "母音の無声化",
      "instructions": "Talking about Shikoku, I have experience to go to Kagawa and Tokushima only.",
      "phonology_classification_EN": "vowel silence",
      "sound": "lesson1/14.mp3",
      "pitch": "lesson1/14.pitch",
      "textMarkup": "lesson1/14.text",
      "video": "lesson1/14.mp4",
      "image": null
    },
    {
      "id": 15,
      "text": "生でも大丈夫ですか。",
      "ipa": "namademodaidʑoːbudesɯ̥ka",
      "kana": "なまでもだいじょうぶですか。",
      "rhythm": "null",
      "phonology_classification": "拍",
      "instructions": "Can I eat it raw?",
      "phonology_classification_EN": "mora",
      "sound": "lesson1/15.mp3",
      "pitch": "lesson1/15.pitch",
      "textMarkup": "lesson1/15.text",
      "video": "lesson1/15.mp4",
      "image": null
    },
    {
      "id": 16,
      "text": "今日のアルバイトは7時半から9時半までです。",
      "ipa": "kjoːnoaɾɯbaitowaɕi̥tɕidʑihaŋkaɾakɯdʑihammadedesɯ̥",
      "kana": "きょうのあるばいとはしちじはんからくじはんまでです。",
      "rhythm": "null",
      "phonology_classification": "拍",
      "instructions": "Today's working hours are between 7.30 to 9.30.",
      "phonology_classification_EN": "mora",
      "sound": "lesson1/16.mp3",
      "pitch": "lesson1/16.pitch",
      "textMarkup": "lesson1/16.text",
      "video": "lesson1/16.mp4",
      "image": null
    },
    {
      "id": 17,
      "text": "失礼します。",
      "ipa": "ɕi̥tsɯɾeːɕimasɯ̥",
      "kana": "しつれいします。",
      "rhythm": "null",
      "phonology_classification": "母音の無声化",
      "instructions": "I'm sorry I have been late.",
      "phonology_classification_EN": "vowel silence",
      "sound": "lesson1/17.mp3",
      "pitch": "lesson1/17.pitch",
      "textMarkup": "lesson1/17.text",
      "video": "lesson1/17.mp4",
      "image": null
    },
    {
      "id": 18,
      "text": "まもなく出発いたします。",
      "ipa": "mamonakɯɕɯ̥ppatsɯ̥itaɕimasɯ̥",
      "kana": "まもなくしゅっぱついたします。",
      "rhythm": "null",
      "phonology_classification": "促音",
      "instructions": "We will depart soon.",
      "phonology_classification_EN": "staccato (assimilated sound)",
      "sound": "lesson1/18.mp3",
      "pitch": "lesson1/18.pitch",
      "textMarkup": "lesson1/18.text",
      "video": "lesson1/18.mp4",
      "image": null
    },
    {
      "id": 19,
      "text": "閉まるドアにご注意ください。",
      "ipa": "ɕimaɾɯdoaɲigotɕɯːikɯdasai",
      "kana": "しまるどあにごちゅういください。",
      "rhythm": "null",
      "phonology_classification": "拗音",
      "instructions": "Be careful of the closing doors.",
      "phonology_classification_EN": "Tokyo (palatalised sound)",
      "sound": "lesson1/19.mp3",
      "pitch": "lesson1/19.pitch",
      "textMarkup": "lesson1/19.text",
      "video": "lesson1/19.mp4",
      "image": null
    },
    {
      "id": 20,
      "text": "お足もとにお気をつけください。",
      "ipa": "oaɕimotoɲiokjiotsɯ̥kekudasai",
      "kana": "おあしもとにおきおつけください。",
      "rhythm": "null",
      "phonology_classification": "拍",
      "instructions": "Pay attention to your steps.",
      "phonology_classification_EN": "mora",
      "sound": "lesson1/20.mp3",
      "pitch": "lesson1/20.pitch",
      "textMarkup": "lesson1/20.text",
      "video": "lesson1/20.mp4",
      "image": null
    },
    {
      "id": 21,
      "text": "最近オートバイの音がうるさくて困っているんです。",
      "ipa": "saikiNoːtobainootoŋauɾusakɯ̥tekomatteiɾundesɯ̥",
      "kana": "さいきんおーとばいのおとがうるさくてこまっているんです。",
      "rhythm": "null",
      "phonology_classification": "長音",
      "instructions": "I have troubles since nowadays the sound of bikes is so annoying.",
      "phonology_classification_EN": "long vowel",
      "sound": "lesson1/21.mp3",
      "pitch": "lesson1/21.pitch",
      "textMarkup": "lesson1/21.text",
      "video": "lesson1/21.mp4",
      "image": null
    },
    {
      "id": 22,
      "text": "大丈夫です。",
      "ipa": "daidʑoːbudesɯ̥",
      "kana": "だいじょうぶです。",
      "rhythm": "null",
      "phonology_classification": "拍",
      "instructions": "It's O.k. (approximate)",
      "phonology_classification_EN": "mora",
      "sound": "lesson1/22.mp3",
      "pitch": "lesson1/22.pitch",
      "textMarkup": "lesson1/22.text",
      "video": "lesson1/22.mp4",
      "image": null
    },
    {
      "id": 23,
      "text": "私が修士号を取得したのは会津大学です。",
      "ipa": "watḁɕiŋaɕuːɕiŋoːoɕu̥to̥ku̥ɕi̥tanowaaidzudaiŋakudesɯ̥",
      "kana": "わたしがしゅうしごうをしゅとくしたのはあいづだいたくです。",
      "rhythm": "null",
      "phonology_classification": "拗音",
      "instructions": "The university where I completed my master studies is the University of Aizu.",
      "phonology_classification_EN": "Tokyo (palatalised sound)",
      "sound": "lesson1/23.mp3",
      "pitch": "lesson1/23.pitch",
      "textMarkup": "lesson1/23.text",
      "video": "lesson1/23.mp4",
      "image": null
    },
    {
      "id": 24,
      "text": "父は厳しいですが、母は優しいです。",
      "ipa": "tɕi̥tɕiwakjibiɕiːdesɯ̥ŋahahawajasaɕiːdesɯ̥",
      "kana": "ちちはきびしいですが、はははやさしいです。",
      "rhythm": "null",
      "phonology_classification": "拍",
      "instructions": "Father is strict. On the other hand, mother is gentle.",
      "phonology_classification_EN": "mora",
      "sound": "lesson1/24.mp3",
      "pitch": "lesson1/24.pitch",
      "textMarkup": "lesson1/24.text",
      "video": "lesson1/24.mp4",
      "image": null
    },
    {
      "id": 25,
      "text": "お会計、お願いします。",
      "ipa": "okaikeːoneŋaiɕimasɯ̥",
      "kana": "おかいけいおねがいします。",
      "rhythm": "null",
      "phonology_classification": "鼻濁音",
      "instructions": "The bill please.(at the restaurant).",
      "phonology_classification_EN": "nasal sound",
      "sound": "lesson1/25.mp3",
      "pitch": "lesson1/25.pitch",
      "textMarkup": "lesson1/25.text",
      "video": "lesson1/25.mp4",
      "image": null
    },
    {
      "id": 26,
      "text": "クレジットカードが使えますか。",
      "ipa": "kuɾedʑittokaːdodehaɾaemasɯ̥ka",
      "kana": "くれじっとかーどがつかえますか。",
      "rhythm": "null",
      "phonology_classification": "母音の無声化",
      "instructions": "May iI pay by credit card?",
      "phonology_classification_EN": "vowel silence",
      "sound": "lesson1/26.mp3",
      "pitch": "lesson1/26.pitch",
      "textMarkup": "lesson1/26.text",
      "video": "lesson1/26.mp4",
      "image": null
    },
    {
      "id": 27,
      "text": "ご親切に、どうもありがとうございます。",
      "ipa": "goɕinsetsɯɲi doːmoaɾjiŋatoːgozaimasɯ̥",
      "kana": "ごしんせつに、どうもありがとうございます。",
      "rhythm": "null",
      "phonology_classification": "撥音",
      "instructions": "Thank you so much for all your kindness. I really appreciate that.",
      "phonology_classification_EN": "N sound",
      "sound": "lesson1/27.mp3",
      "pitch": "lesson1/27.pitch",
      "textMarkup": "lesson1/27.text",
      "video": "lesson1/27.mp4",
      "image": null
    }
  ]
}
  ]
}